timestamp,AME_pnl,AME_pos,STAR_pnl,STAR_pos,total_pnl
0,0.0,0,0.0,0,0.0
100,0.0,-1,0.0,0,0.0
200,0.0,-1,0.0,0,0.0
300,0.0,-1,0.0,0,0.0
400,0.0,-1,0.0,0,0.0
500,0.0,-1,0.0,0,0.0
600,0.0,-1,0.0,0,0.0
700,0.0,-1,0.0,0,0.0
800,0.0,-1,0.0,0,0.0
900,0.0,-1,0.0,0,0.0
1000,0.0,-1,0.0,0,0.0
1100,0.0,-1,0.0,0,0.0
1200,0.0,-1,0.0,0,0.0
1300,4.0,0,0.0,0,4.0
1400,4.0,-1,0.0,0,4.0
1500,4.0,-1,0.0,0,4.0
1600,4.0,-1,0.0,0,4.0
1700,4.0,-1,0.0,0,4.0
1800,4.0,-1,0.0,0,4.0
1900,4.0,-2,0.0,0,4.0
2000,4.0,-2,0.0,0,4.0
2100,4.0,-1,0.0,0,4.0
2200,4.0,-1,0.0,0,4.0
2300,4.0,-1,0.0,0,4.0
2400,4.0,-1,0.0,0,4.0
2500,4.0,-1,0.0,0,4.0
2600,4.0,-1,0.0,0,4.0
2700,4.0,-1,0.0,0,4.0
2800,4.0,-1,0.0,0,4.0
2900,4.0,-1,0.0,0,4.0
3000,4.0,-1,0.0,0,4.0
3100,4.0,-1,0.0,0,4.0
3200,4.0,-1,0.0,0,4.0
3300,4.0,-1,0.0,0,4.0
3400,4.0,-1,0.0,0,4.0
3500,4.0,-1,0.0,0,4.0
3600,4.0,-1,0.0,0,4.0
3700,4.0,3,0.0,0,4.0
3800,4.0,2,0.0,0,4.0
3900,4.0,2,0.0,0,4.0
4000,4.0,2,0.0,0,4.0
4100,4.0,2,0.0,0,4.0
4200,4.0,2,0.0,0,4.0
4300,4.0,2,0.0,0,4.0
4400,4.0,3,0.0,0,4.0
4500,4.0,3,0.0,0,4.0
4600,4.0,3,0.0,0,4.0
4700,4.0,3,0.0,0,4.0
4800,4.0,3,0.0,0,4.0
4900,4.0,3,0.0,0,4.0
5000,4.0,3,0.0,0,4.0
5100,4.0,3,0.0,0,4.0
5200,4.0,3,0.0,0,4.0
5300,4.0,3,0.0,0,4.0
5400,4.0,3,0.0,0,4.0
5500,4.0,3,0.0,0,4.0
5600,4.0,3,0.0,0,4.0
5700,4.0,3,0.0,0,4.0
5800,4.0,3,0.0,0,4.0
5900,4.0,3,0.0,0,4.0
6000,4.0,3,0.0,0,4.0
6100,4.0,3,0.0,0,4.0
6200,4.0,3,0.0,0,4.0
6300,4.0,3,0.0,0,4.0
6400,4.0,3,0.0,0,4.0
6500,4.0,3,0.0,0,4.0
6600,4.0,4,0.0,0,4.0
6700,4.0,4,0.0,0,4.0
6800,4.0,4,0.0,0,4.0
6900,4.0,4,0.0,0,4.0
7000,4.0,4,0.0,0,4.0
7100,4.0,4,0.0,0,4.0
7200,4.0,4,0.0,0,4.0
7300,4.0,4,0.0,0,4.0
7400,4.0,3,0.0,0,4.0
7500,4.0,3,0.0,0,4.0
7600,4.0,3,0.0,0,4.0
7700,4.0,3,0.0,0,4.0
7800,4.0,3,0.0,0,4.0
7900,4.0,3,0.0,0,4.0
8000,4.0,3,0.0,0,4.0
8100,4.0,3,0.0,0,4.0
8200,4.0,3,0.0,0,4.0
8300,4.0,3,0.0,0,4.0
8400,4.0,3,0.0,0,4.0
8500,4.0,3,0.0,0,4.0
8600,4.0,3,0.0,0,4.0
8700,4.0,3,0.0,0,4.0
8800,4.0,3,0.0,0,4.0
8900,4.0,4,0.0,0,4.0
9000,4.0,4,0.0,0,4.0
9100,4.0,4,0.0,0,4.0
9200,4.0,4,0.0,0,4.0
9300,4.0,4,0.0,0,4.0
9400,4.0,4,0.0,0,4.0
9500,4.0,4,0.0,0,4.0
9600,4.0,4,0.0,0,4.0
9700,4.0,4,0.0,0,4.0
9800,4.0,4,0.0,0,4.0
9900,4.0,4,0.0,0,4.0
10000,4.0,4,0.0,-4,4.0
10100,4.0,4,0.0,-4,4.0
10200,4.0,4,0.0,-4,4.0
10300,4.0,4,0.0,-4,4.0
10400,4.0,4,0.0,-5,4.0
10500,4.0,3,0.0,-5,4.0
10600,4.0,3,0.0,-5,4.0
10700,4.0,3,0.0,-5,4.0
10800,4.0,3,0.0,-5,4.0
10900,4.0,3,0.0,-5,4.0
11000,4.0,3,0.0,-5,4.0
11100,4.0,3,0.0,-12,4.0
11200,4.0,3,0.0,-12,4.0
11300,4.0,3,0.0,-12,4.0
11400,4.0,3,0.0,-12,4.0
11500,4.0,3,0.0,-12,4.0
11600,4.0,3,0.0,-12,4.0
11700,4.0,3,0.0,-12,4.0
11800,4.0,3,0.0,-8,4.0
11900,4.0,3,0.0,-8,4.0
12000,4.0,3,0.0,-8,4.0
12100,4.0,2,0.0,-8,4.0
12200,4.0,2,0.0,-8,4.0
12300,4.0,2,0.0,-8,4.0
12400,4.0,2,0.0,-8,4.0
12500,4.0,2,0.0,-8,4.0
12600,4.0,2,0.0,-8,4.0
12700,4.0,2,0.0,-8,4.0
12800,4.0,2,0.0,-8,4.0
12900,4.0,2,0.0,-8,4.0
13000,4.0,2,0.0,-8,4.0
13100,4.0,1,0.0,-10,4.0
13200,4.0,1,0.0,-10,4.0
13300,4.0,1,0.0,-10,4.0
13400,4.0,1,0.0,-10,4.0
13500,4.0,1,0.0,-10,4.0
13600,4.0,1,0.0,-10,4.0
13700,4.0,1,0.0,-10,4.0
13800,4.0,5,0.0,-10,4.0
13900,4.0,5,0.0,-10,4.0
14000,4.0,5,0.0,-10,4.0
14100,4.0,5,0.0,-10,4.0
14200,4.0,5,0.0,-10,4.0
14300,4.0,5,0.0,-8,4.0
14400,4.0,5,0.0,-8,4.0
14500,4.0,5,0.0,-8,4.0
14600,4.0,5,0.0,-8,4.0
14700,4.0,5,0.0,-8,4.0
14800,4.0,5,0.0,-8,4.0
14900,4.0,5,0.0,-8,4.0
15000,4.0,1,0.0,-8,4.0
15100,4.0,1,0.0,-16,4.0
15200,4.0,1,0.0,-16,4.0
15300,4.0,1,0.0,-14,4.0
15400,4.0,1,0.0,-14,4.0
15500,4.0,2,0.0,-14,4.0
15600,4.0,1,0.0,-14,4.0
15700,4.0,1,0.0,-14,4.0
15800,4.0,-4,0.0,-14,4.0
15900,4.0,-4,0.0,-15,4.0
16000,4.0,2,0.0,-9,4.0
16100,4.0,2,0.0,-9,4.0
16200,4.0,2,0.0,-9,4.0
16300,4.0,3,0.0,-8,4.0
16400,4.0,3,0.0,-8,4.0
16500,4.0,3,0.0,-8,4.0
16600,4.0,3,0.0,-8,4.0
16700,4.0,3,0.0,-8,4.0
16800,4.0,2,0.0,-10,4.0
16900,4.0,2,0.0,-10,4.0
17000,4.0,2,0.0,-10,4.0
17100,4.0,2,0.0,-10,4.0
17200,4.0,2,0.0,-10,4.0
17300,4.0,2,0.0,-10,4.0
17400,4.0,2,0.0,-10,4.0
17500,4.0,-4,0.0,-10,4.0
17600,4.0,-4,0.0,-10,4.0
17700,4.0,-4,0.0,-10,4.0
17800,4.0,-4,0.0,-12,4.0
17900,4.0,-4,0.0,-12,4.0
18000,4.0,-4,0.0,-12,4.0
18100,4.0,-4,0.0,-12,4.0
18200,4.0,-4,0.0,-12,4.0
18300,4.0,-4,0.0,-8,4.0
18400,4.0,-4,0.0,-8,4.0
18500,4.0,-4,0.0,-8,4.0
18600,4.0,-2,0.0,-8,4.0
18700,4.0,-3,0.0,-8,4.0
18800,4.0,-3,0.0,-8,4.0
18900,4.0,-3,0.0,-8,4.0
19000,4.0,-3,0.0,-8,4.0
19100,4.0,-3,0.0,12,4.0
19200,4.0,-3,0.0,12,4.0
19300,4.0,-2,0.0,12,4.0
19400,4.0,-2,0.0,12,4.0
19500,4.0,-2,0.0,12,4.0
19600,4.0,-2,0.0,12,4.0
19700,4.0,-2,0.0,12,4.0
19800,4.0,-3,0.0,12,4.0
19900,4.0,-3,0.0,12,4.0
20000,4.0,-3,0.0,12,4.0
20100,4.0,-3,0.0,12,4.0
20200,4.0,-4,0.0,12,4.0
20300,4.0,-3,0.0,12,4.0
20400,4.0,-3,0.0,14,4.0
20500,4.0,1,0.0,14,4.0
20600,4.0,-2,0.0,10,4.0
20700,4.0,-2,0.0,10,4.0
20800,4.0,-3,0.0,4,4.0
20900,4.0,-3,0.0,4,4.0
21000,4.0,-3,0.0,3,4.0
21100,4.0,-3,0.0,3,4.0
21200,4.0,-3,0.0,3,4.0
21300,4.0,-2,0.0,3,4.0
21400,4.0,-2,0.0,3,4.0
21500,4.0,-2,0.0,3,4.0
21600,4.0,-2,0.0,-1,4.0
21700,4.0,-14,0.0,-1,4.0
21800,4.0,-14,0.0,-1,4.0
21900,4.0,-14,0.0,-1,4.0
22000,4.0,-17,0.0,-1,4.0
22100,4.0,-17,0.0,-1,4.0
22200,4.0,-17,0.0,-1,4.0
22300,4.0,-17,0.0,-1,4.0
22400,4.0,-17,0.0,-1,4.0
22500,4.0,-16,0.0,-1,4.0
22600,4.0,-16,0.0,-1,4.0
22700,4.0,-16,0.0,-1,4.0
22800,4.0,-16,0.0,-1,4.0
22900,4.0,-14,0.0,-1,4.0
23000,4.0,-14,0.0,-1,4.0
23100,4.0,-14,0.0,-1,4.0
23200,4.0,-14,0.0,-1,4.0
23300,4.0,-14,0.0,-1,4.0
23400,4.0,-14,0.0,-1,4.0
23500,4.0,-14,0.0,-1,4.0
23600,4.0,-14,0.0,-1,4.0
23700,4.0,-14,0.0,-1,4.0
23800,4.0,-15,0.0,-1,4.0
23900,4.0,-15,0.0,-3,4.0
24000,4.0,-15,0.0,-4,4.0
24100,4.0,-15,0.0,-4,4.0
24200,4.0,-15,0.0,-4,4.0
24300,4.0,-15,0.0,-4,4.0
24400,4.0,-15,0.0,-4,4.0
24500,4.0,-16,0.0,-6,4.0
24600,4.0,-17,0.0,-6,4.0
24700,4.0,-15,0.0,-6,4.0
24800,4.0,-15,0.0,-6,4.0
24900,4.0,-15,0.0,-6,4.0
25000,4.0,-16,0.0,-6,4.0
25100,4.0,-16,0.0,-6,4.0
25200,4.0,-17,0.0,-6,4.0
25300,4.0,-12,0.0,-6,4.0
25400,4.0,-12,0.0,-6,4.0
25500,4.0,-12,0.0,-20,4.0
25600,4.0,-6,0.0,-20,4.0
25700,4.0,-6,0.0,-20,4.0
25800,4.0,-6,0.0,-20,4.0
25900,4.0,-10,0.0,-20,4.0
26000,4.0,-10,0.0,-20,4.0
26100,4.0,-10,0.0,-10,4.0
26200,4.0,-10,0.0,-10,4.0
26300,4.0,-10,0.0,-10,4.0
26400,4.0,-9,0.0,-10,4.0
26500,4.0,-9,0.0,-10,4.0
26600,4.0,-9,0.0,-10,4.0
26700,4.0,-8,0.0,-10,4.0
26800,4.0,-8,0.0,-10,4.0
26900,4.0,-8,0.0,-12,4.0
27000,4.0,-9,0.0,-10,4.0
27100,4.0,-9,0.0,-10,4.0
27200,4.0,-9,0.0,-10,4.0
27300,4.0,-9,0.0,-10,4.0
27400,4.0,-9,0.0,-12,4.0
27500,4.0,-9,0.0,-12,4.0
27600,4.0,-9,0.0,-12,4.0
27700,4.0,-9,0.0,-12,4.0
27800,4.0,-9,0.0,-2,4.0
27900,4.0,-9,0.0,-2,4.0
28000,4.0,-9,0.0,-4,4.0
28100,4.0,-9,0.0,-4,4.0
28200,4.0,-9,0.0,-4,4.0
28300,4.0,-7,0.0,-4,4.0
28400,4.0,-7,0.0,-2,4.0
28500,4.0,-7,0.0,-2,4.0
28600,4.0,-7,0.0,-2,4.0
28700,4.0,-8,0.0,-2,4.0
28800,4.0,-8,0.0,-2,4.0
28900,4.0,-8,0.0,-2,4.0
29000,4.0,-8,0.0,-2,4.0
29100,4.0,-8,323.0,0,327.0
29200,4.0,-8,323.0,0,327.0
29300,4.0,-8,323.0,-2,327.0
29400,4.0,-8,323.0,-2,327.0
29500,4.0,-9,323.0,-2,327.0
29600,4.0,-9,323.0,-2,327.0
29700,4.0,-9,323.0,-2,327.0
29800,4.0,-9,323.0,-2,327.0
29900,4.0,-9,323.0,-2,327.0
30000,4.0,-9,323.0,-2,327.0
30100,4.0,-9,323.0,-2,327.0
30200,4.0,-9,323.0,-2,327.0
30300,4.0,-9,323.0,-2,327.0
30400,4.0,-9,323.0,-3,327.0
30500,4.0,-9,323.0,-3,327.0
30600,4.0,-9,323.0,-3,327.0
30700,4.0,-9,323.0,-3,327.0
30800,4.0,-9,323.0,-3,327.0
30900,4.0,-9,323.0,-3,327.0
31000,4.0,-9,323.0,-3,327.0
31100,4.0,-9,323.0,-3,327.0
31200,4.0,-9,323.0,-3,327.0
31300,4.0,-9,323.0,-3,327.0
31400,4.0,-9,323.0,-3,327.0
31500,4.0,-8,323.0,-3,327.0
31600,4.0,-8,323.0,-3,327.0
31700,4.0,-8,323.0,-5,327.0
31800,4.0,-8,323.0,-5,327.0
31900,4.0,-8,323.0,-5,327.0
32000,4.0,-8,323.0,-5,327.0
32100,4.0,-8,323.0,-5,327.0
32200,4.0,-8,323.0,-5,327.0
32300,4.0,-8,323.0,-5,327.0
32400,4.0,-8,323.0,-5,327.0
32500,4.0,-8,323.0,-5,327.0
32600,4.0,-8,323.0,-5,327.0
32700,4.0,-9,323.0,-5,327.0
32800,4.0,-9,323.0,-5,327.0
32900,4.0,-9,323.0,-5,327.0
33000,4.0,-9,323.0,-5,327.0
33100,4.0,-9,323.0,-7,327.0
33200,4.0,-9,323.0,-7,327.0
33300,4.0,-9,323.0,13,327.0
33400,4.0,-9,323.0,13,327.0
33500,4.0,-9,323.0,13,327.0
33600,4.0,-9,323.0,13,327.0
33700,4.0,-15,323.0,13,327.0
33800,4.0,-15,323.0,13,327.0
33900,4.0,-15,323.0,10,327.0
34000,4.0,-15,323.0,10,327.0
34100,4.0,-16,323.0,10,327.0
34200,4.0,-16,323.0,10,327.0
34300,4.0,-16,323.0,10,327.0
34400,4.0,-17,323.0,10,327.0
34500,4.0,-17,323.0,10,327.0
34600,4.0,-17,323.0,20,327.0
34700,4.0,-17,323.0,20,327.0
34800,4.0,-17,323.0,20,327.0
34900,4.0,-17,323.0,20,327.0
35000,4.0,-17,323.0,20,327.0
35100,4.0,-18,323.0,19,327.0
35200,4.0,-20,323.0,19,327.0
35300,4.0,-20,323.0,19,327.0
35400,4.0,-20,323.0,20,327.0
35500,4.0,-20,323.0,19,327.0
35600,4.0,-20,323.0,19,327.0
35700,4.0,-20,323.0,19,327.0
35800,4.0,-20,323.0,19,327.0
35900,4.0,-20,323.0,20,327.0
36000,4.0,-20,323.0,20,327.0
36100,4.0,-20,323.0,20,327.0
36200,4.0,-20,323.0,20,327.0
36300,4.0,-19,323.0,20,327.0
36400,4.0,-19,323.0,20,327.0
36500,4.0,-19,323.0,18,327.0
36600,4.0,-19,323.0,20,327.0
36700,4.0,-19,323.0,20,327.0
36800,4.0,-19,323.0,20,327.0
36900,4.0,-19,323.0,20,327.0
37000,4.0,-19,323.0,20,327.0
37100,4.0,-19,323.0,20,327.0
37200,4.0,-19,323.0,20,327.0
37300,4.0,-19,323.0,20,327.0
37400,4.0,-9,323.0,20,327.0
37500,4.0,-10,323.0,20,327.0
37600,4.0,-10,323.0,20,327.0
37700,4.0,-10,323.0,20,327.0
37800,4.0,-10,323.0,20,327.0
37900,4.0,-10,323.0,20,327.0
38000,4.0,-10,323.0,20,327.0
38100,4.0,-11,323.0,20,327.0
38200,4.0,-11,323.0,20,327.0
38300,4.0,-11,323.0,20,327.0
38400,4.0,-11,323.0,20,327.0
38500,4.0,-5,323.0,20,327.0
38600,4.0,-6,323.0,20,327.0
38700,4.0,-6,323.0,20,327.0
38800,4.0,-6,323.0,20,327.0
38900,4.0,-6,323.0,20,327.0
39000,4.0,-6,323.0,20,327.0
39100,4.0,-6,323.0,20,327.0
39200,4.0,-6,323.0,20,327.0
39300,4.0,-6,323.0,20,327.0
39400,4.0,-6,323.0,20,327.0
39500,4.0,-6,323.0,20,327.0
39600,4.0,-5,323.0,20,327.0
39700,4.0,-5,323.0,16,327.0
39800,4.0,-5,323.0,16,327.0
39900,4.0,-5,323.0,16,327.0
40000,4.0,-5,323.0,16,327.0
40100,4.0,-5,323.0,16,327.0
40200,4.0,-5,323.0,16,327.0
40300,4.0,-5,323.0,16,327.0
40400,4.0,-4,323.0,16,327.0
40500,4.0,-4,323.0,16,327.0
40600,4.0,-5,323.0,18,327.0
40700,4.0,-5,323.0,18,327.0
40800,4.0,-5,323.0,18,327.0
40900,4.0,-5,323.0,18,327.0
41000,4.0,-5,323.0,18,327.0
41100,4.0,-5,323.0,20,327.0
41200,4.0,-5,323.0,20,327.0
41300,4.0,-5,323.0,20,327.0
41400,4.0,-5,323.0,20,327.0
41500,4.0,-1,323.0,20,327.0
41600,4.0,-1,323.0,20,327.0
41700,4.0,-1,323.0,20,327.0
41800,4.0,-1,323.0,16,327.0
41900,4.0,-1,323.0,16,327.0
42000,4.0,3,323.0,16,327.0
42100,4.0,3,323.0,16,327.0
42200,4.0,3,323.0,16,327.0
42300,4.0,2,323.0,16,327.0
42400,4.0,2,323.0,20,327.0
42500,4.0,2,323.0,20,327.0
42600,4.0,2,323.0,20,327.0
42700,4.0,2,323.0,20,327.0
42800,4.0,2,323.0,20,327.0
42900,4.0,2,323.0,20,327.0
43000,4.0,2,323.0,20,327.0
43100,4.0,2,323.0,20,327.0
43200,4.0,2,323.0,20,327.0
43300,4.0,2,323.0,20,327.0
43400,4.0,2,323.0,20,327.0
43500,4.0,2,323.0,16,327.0
43600,4.0,2,323.0,16,327.0
43700,4.0,2,323.0,16,327.0
43800,4.0,2,323.0,16,327.0
43900,4.0,2,323.0,16,327.0
44000,4.0,-2,323.0,16,327.0
44100,4.0,-2,323.0,16,327.0
44200,4.0,-1,323.0,16,327.0
44300,4.0,-1,323.0,16,327.0
44400,4.0,-1,323.0,16,327.0
44500,4.0,-1,323.0,16,327.0
44600,4.0,-1,323.0,15,327.0
44700,4.0,-1,323.0,15,327.0
44800,4.0,-1,323.0,15,327.0
44900,250.0,0,323.0,15,573.0
45000,250.0,0,323.0,15,573.0
45100,250.0,-1,323.0,15,573.0
45200,250.0,-1,323.0,15,573.0
45300,250.0,-1,323.0,15,573.0
45400,250.0,-1,323.0,15,573.0
45500,254.0,0,323.0,15,577.0
45600,254.0,0,323.0,15,577.0
45700,254.0,0,323.0,15,577.0
45800,254.0,0,323.0,15,577.0
45900,254.0,0,323.0,15,577.0
46000,254.0,0,323.0,15,577.0
46100,254.0,0,323.0,15,577.0
46200,254.0,0,323.0,15,577.0
46300,254.0,0,323.0,15,577.0
46400,254.0,0,323.0,15,577.0
46500,254.0,0,323.0,15,577.0
46600,254.0,0,323.0,9,577.0
46700,254.0,0,323.0,9,577.0
46800,254.0,0,323.0,9,577.0
46900,254.0,0,323.0,9,577.0
47000,254.0,0,323.0,7,577.0
47100,254.0,0,323.0,7,577.0
47200,254.0,1,323.0,11,577.0
47300,258.0,0,323.0,11,581.0
47400,258.0,-1,323.0,11,581.0
47500,258.0,-1,323.0,11,581.0
47600,258.0,-1,323.0,11,581.0
47700,258.0,-1,323.0,11,581.0
47800,258.0,-1,323.0,11,581.0
47900,258.0,-1,323.0,11,581.0
48000,258.0,-2,323.0,11,581.0
48100,258.0,-2,323.0,11,581.0
48200,258.0,-2,323.0,11,581.0
48300,258.0,-2,323.0,11,581.0
48400,258.0,4,323.0,11,581.0
48500,258.0,4,323.0,11,581.0
48600,258.0,5,323.0,11,581.0
48700,258.0,5,323.0,11,581.0
48800,258.0,5,323.0,11,581.0
48900,258.0,5,323.0,11,581.0
49000,258.0,5,323.0,11,581.0
49100,258.0,5,323.0,11,581.0
49200,258.0,5,323.0,11,581.0
49300,258.0,5,323.0,11,581.0
49400,258.0,5,323.0,13,581.0
49500,258.0,5,323.0,-1,581.0
49600,258.0,5,323.0,-1,581.0
49700,258.0,5,323.0,-2,581.0
49800,258.0,5,323.0,-2,581.0
49900,258.0,5,323.0,8,581.0
50000,258.0,5,323.0,8,581.0
50100,258.0,5,323.0,8,581.0
50200,258.0,5,323.0,8,581.0
50300,258.0,5,323.0,8,581.0
50400,258.0,5,323.0,8,581.0
50500,258.0,5,323.0,8,581.0
50600,258.0,5,323.0,8,581.0
50700,258.0,4,323.0,20,581.0
50800,258.0,4,323.0,20,581.0
50900,258.0,-1,323.0,19,581.0
51000,258.0,-1,323.0,19,581.0
51100,258.0,-1,323.0,19,581.0
51200,258.0,-1,323.0,19,581.0
51300,258.0,-1,323.0,19,581.0
51400,258.0,-1,323.0,19,581.0
51500,258.0,-1,323.0,19,581.0
51600,258.0,-1,323.0,17,581.0
51700,258.0,-1,323.0,17,581.0
51800,258.0,-1,323.0,20,581.0
51900,258.0,-1,323.0,20,581.0
52000,258.0,-1,323.0,16,581.0
52100,258.0,-1,323.0,16,581.0
52200,258.0,-1,323.0,16,581.0
52300,258.0,-1,323.0,16,581.0
52400,258.0,-2,323.0,14,581.0
52500,258.0,-2,323.0,14,581.0
52600,258.0,-1,323.0,12,581.0
52700,258.0,3,323.0,12,581.0
52800,258.0,3,323.0,12,581.0
52900,258.0,3,323.0,12,581.0
53000,258.0,3,323.0,12,581.0
53100,258.0,2,323.0,12,581.0
53200,258.0,2,323.0,12,581.0
53300,258.0,2,323.0,10,581.0
53400,258.0,2,323.0,10,581.0
53500,258.0,2,323.0,10,581.0
53600,258.0,2,323.0,10,581.0
53700,258.0,11,323.0,10,581.0
53800,258.0,11,323.0,10,581.0
53900,258.0,8,323.0,10,581.0
54000,258.0,8,323.0,10,581.0
54100,258.0,8,323.0,10,581.0
54200,258.0,8,323.0,10,581.0
54300,258.0,8,323.0,10,581.0
54400,258.0,8,323.0,8,581.0
54500,258.0,8,323.0,8,581.0
54600,258.0,8,323.0,8,581.0
54700,258.0,5,323.0,8,581.0
54800,258.0,5,323.0,12,581.0
54900,258.0,5,323.0,12,581.0
55000,258.0,5,323.0,12,581.0
55100,258.0,5,323.0,12,581.0
55200,258.0,5,323.0,12,581.0
55300,258.0,5,323.0,20,581.0
55400,258.0,6,323.0,20,581.0
55500,258.0,6,323.0,20,581.0
55600,258.0,6,323.0,18,581.0
55700,258.0,6,323.0,18,581.0
55800,258.0,6,323.0,18,581.0
55900,258.0,6,323.0,18,581.0
56000,258.0,6,323.0,18,581.0
56100,258.0,6,323.0,20,581.0
56200,258.0,6,323.0,20,581.0
56300,258.0,6,323.0,18,581.0
56400,258.0,5,323.0,18,581.0
56500,258.0,5,323.0,18,581.0
56600,258.0,5,323.0,18,581.0
56700,258.0,5,323.0,18,581.0
56800,258.0,5,323.0,12,581.0
56900,258.0,4,323.0,12,581.0
57000,258.0,4,323.0,12,581.0
57100,258.0,4,323.0,12,581.0
57200,258.0,4,323.0,12,581.0
57300,258.0,2,323.0,10,581.0
57400,258.0,2,323.0,10,581.0
57500,258.0,2,323.0,10,581.0
57600,258.0,2,323.0,5,581.0
57700,258.0,2,323.0,5,581.0
57800,258.0,2,323.0,5,581.0
57900,258.0,2,323.0,5,581.0
58000,258.0,3,323.0,5,581.0
58100,258.0,7,323.0,5,581.0
58200,258.0,7,323.0,5,581.0
58300,258.0,7,323.0,5,581.0
58400,258.0,7,323.0,5,581.0
58500,258.0,7,323.0,5,581.0
58600,258.0,7,323.0,5,581.0
58700,258.0,6,323.0,5,581.0
58800,258.0,6,323.0,5,581.0
58900,258.0,6,323.0,5,581.0
59000,258.0,6,323.0,5,581.0
59100,258.0,6,323.0,5,581.0
59200,258.0,6,323.0,5,581.0
59300,258.0,6,323.0,5,581.0
59400,258.0,6,323.0,5,581.0
59500,258.0,6,323.0,5,581.0
59600,258.0,1,323.0,5,581.0
59700,258.0,1,323.0,5,581.0
59800,258.0,1,323.0,5,581.0
59900,258.0,1,323.0,5,581.0
60000,258.0,1,323.0,5,581.0
60100,258.0,1,323.0,5,581.0
60200,258.0,1,323.0,5,581.0
60300,258.0,1,323.0,2,581.0
60400,258.0,1,323.0,2,581.0
60500,258.0,2,323.0,2,581.0
60600,258.0,2,323.0,2,581.0
60700,258.0,2,323.0,2,581.0
60800,258.0,2,323.0,2,581.0
60900,258.0,-8,323.0,2,581.0
61000,258.0,-8,323.0,8,581.0
61100,258.0,-8,323.0,8,581.0
61200,258.0,-8,323.0,8,581.0
61300,258.0,-6,323.0,8,581.0
61400,258.0,-6,323.0,8,581.0
61500,258.0,-6,323.0,8,581.0
61600,258.0,-6,323.0,8,581.0
61700,258.0,-6,323.0,8,581.0
61800,258.0,-6,323.0,8,581.0
61900,258.0,-6,323.0,8,581.0
62000,258.0,-5,323.0,8,581.0
62100,258.0,-5,323.0,7,581.0
62200,258.0,-5,323.0,7,581.0
62300,258.0,-5,323.0,7,581.0
62400,258.0,-5,323.0,7,581.0
62500,258.0,-5,323.0,7,581.0
62600,258.0,-5,323.0,7,581.0
62700,258.0,-5,323.0,7,581.0
62800,258.0,-5,323.0,7,581.0
62900,258.0,-5,323.0,9,581.0
63000,258.0,-1,323.0,9,581.0
63100,258.0,-1,323.0,9,581.0
63200,258.0,-1,323.0,9,581.0
63300,258.0,-1,323.0,9,581.0
63400,258.0,-1,323.0,9,581.0
63500,258.0,-1,323.0,6,581.0
63600,258.0,-1,323.0,6,581.0
63700,258.0,-1,323.0,5,581.0
63800,258.0,-1,323.0,5,581.0
63900,258.0,-1,323.0,5,581.0
64000,258.0,-1,323.0,5,581.0
64100,258.0,-1,323.0,5,581.0
64200,258.0,-1,323.0,5,581.0
64300,258.0,-1,323.0,5,581.0
64400,258.0,-1,323.0,5,581.0
64500,258.0,-1,323.0,5,581.0
64600,258.0,-1,323.0,5,581.0
64700,258.0,-1,323.0,5,581.0
64800,258.0,-1,323.0,5,581.0
64900,258.0,-1,323.0,5,581.0
65000,258.0,-1,323.0,5,581.0
65100,380.0,0,323.0,5,703.0
65200,380.0,0,323.0,5,703.0
65300,380.0,0,323.0,4,703.0
65400,380.0,0,323.0,4,703.0
65500,380.0,0,323.0,4,703.0
65600,380.0,0,323.0,4,703.0
65700,380.0,0,323.0,4,703.0
65800,380.0,0,323.0,4,703.0
65900,380.0,0,323.0,4,703.0
66000,380.0,0,323.0,4,703.0
66100,380.0,0,323.0,4,703.0
66200,380.0,1,323.0,4,703.0
66300,380.0,-5,323.0,-1,703.0
66400,380.0,-5,323.0,-3,703.0
66500,380.0,-2,323.0,-3,703.0
66600,380.0,-2,323.0,-3,703.0
66700,380.0,-2,323.0,-3,703.0
66800,380.0,-2,323.0,-3,703.0
66900,380.0,-2,323.0,-3,703.0
67000,380.0,-2,323.0,-4,703.0
67100,380.0,-2,323.0,-4,703.0
67200,380.0,-2,323.0,-4,703.0
67300,380.0,-2,323.0,-4,703.0
67400,380.0,1,323.0,-4,703.0
67500,380.0,1,323.0,-4,703.0
67600,380.0,1,323.0,-4,703.0
67700,380.0,1,323.0,-4,703.0
67800,380.0,1,323.0,-4,703.0
67900,380.0,1,323.0,-4,703.0
68000,380.0,1,323.0,-4,703.0
68100,380.0,1,323.0,-4,703.0
68200,380.0,1,323.0,-4,703.0
68300,380.0,1,323.0,-6,703.0
68400,380.0,1,323.0,-8,703.0
68500,380.0,1,323.0,-8,703.0
68600,380.0,1,323.0,-8,703.0
68700,380.0,1,323.0,-8,703.0
68800,380.0,1,323.0,-8,703.0
68900,380.0,2,323.0,-8,703.0
69000,380.0,2,323.0,-10,703.0
69100,380.0,2,323.0,-10,703.0
69200,380.0,2,323.0,-8,703.0
69300,380.0,2,323.0,-11,703.0
69400,380.0,3,323.0,-12,703.0
69500,380.0,2,323.0,-12,703.0
69600,380.0,2,323.0,-12,703.0
69700,380.0,2,323.0,-12,703.0
69800,380.0,1,323.0,-12,703.0
69900,380.0,1,323.0,-12,703.0
70000,380.0,1,323.0,-12,703.0
70100,380.0,1,323.0,-12,703.0
70200,380.0,1,323.0,-10,703.0
70300,380.0,1,323.0,-10,703.0
70400,380.0,3,323.0,-10,703.0
70500,380.0,3,323.0,-10,703.0
70600,380.0,3,323.0,-7,703.0
70700,380.0,3,323.0,-7,703.0
70800,380.0,3,323.0,-7,703.0
70900,380.0,2,323.0,-5,703.0
71000,380.0,2,323.0,-5,703.0
71100,380.0,2,323.0,-5,703.0
71200,380.0,2,323.0,-5,703.0
71300,380.0,1,323.0,-5,703.0
71400,380.0,1,323.0,-5,703.0
71500,380.0,1,323.0,-5,703.0
71600,414.0,0,323.0,1,737.0
71700,414.0,3,323.0,1,737.0
71800,414.0,3,323.0,1,737.0
71900,414.0,2,323.0,1,737.0
72000,414.0,1,323.0,1,737.0
72100,414.0,1,323.0,1,737.0
72200,414.0,1,323.0,1,737.0
72300,414.0,1,323.0,-2,737.0
72400,414.0,1,323.0,-2,737.0
72500,426.0,0,323.0,-2,749.0
72600,426.0,0,323.0,-2,749.0
72700,426.0,0,323.0,-2,749.0
72800,426.0,0,323.0,-2,749.0
72900,426.0,0,323.0,-2,749.0
73000,426.0,0,323.0,-2,749.0
73100,426.0,0,323.0,-2,749.0
73200,426.0,0,323.0,-2,749.0
73300,426.0,0,323.0,-2,749.0
73400,426.0,0,323.0,-2,749.0
73500,426.0,1,323.0,-2,749.0
73600,426.0,1,323.0,-2,749.0
73700,426.0,1,323.0,-2,749.0
73800,426.0,1,323.0,-2,749.0
73900,426.0,1,323.0,-2,749.0
74000,426.0,1,323.0,4,749.0
74100,430.0,0,323.0,4,753.0
74200,430.0,0,323.0,-2,753.0
74300,430.0,0,323.0,-2,753.0
74400,430.0,0,323.0,-2,753.0
74500,430.0,0,323.0,-2,753.0
74600,430.0,0,323.0,-2,753.0
74700,430.0,-1,323.0,-2,753.0
74800,430.0,-1,323.0,-2,753.0
74900,430.0,-1,323.0,-2,753.0
75000,430.0,-2,323.0,-2,753.0
75100,430.0,-1,323.0,-4,753.0
75200,430.0,-1,323.0,-4,753.0
75300,430.0,-1,323.0,-7,753.0
75400,430.0,-1,323.0,-7,753.0
75500,430.0,-1,323.0,-7,753.0
75600,430.0,-1,323.0,-7,753.0
75700,430.0,-2,323.0,-7,753.0
75800,430.0,-2,323.0,-7,753.0
75900,430.0,-2,323.0,-7,753.0
76000,430.0,-2,323.0,-7,753.0
76100,430.0,-2,323.0,-7,753.0
76200,430.0,-1,323.0,-7,753.0
76300,430.0,-1,323.0,-7,753.0
76400,430.0,-1,323.0,-7,753.0
76500,430.0,-1,323.0,-7,753.0
76600,430.0,-1,323.0,-7,753.0
76700,430.0,-1,323.0,-7,753.0
76800,430.0,-1,323.0,-7,753.0
76900,430.0,-1,323.0,-7,753.0
77000,430.0,-1,323.0,3,753.0
77100,430.0,-1,323.0,3,753.0
77200,430.0,-1,323.0,-2,753.0
77300,430.0,-1,323.0,-2,753.0
77400,430.0,-1,323.0,-2,753.0
77500,430.0,-1,323.0,-2,753.0
77600,430.0,-1,323.0,-2,753.0
77700,430.0,-1,323.0,-2,753.0
77800,430.0,-1,323.0,-2,753.0
77900,430.0,-1,323.0,-2,753.0
78000,430.0,-4,323.0,-2,753.0
78100,430.0,7,323.0,-2,753.0
78200,430.0,6,323.0,4,753.0
78300,430.0,6,323.0,4,753.0
78400,430.0,6,323.0,4,753.0
78500,430.0,6,323.0,4,753.0
78600,430.0,6,323.0,4,753.0
78700,430.0,6,323.0,4,753.0
78800,430.0,7,323.0,8,753.0
78900,430.0,6,323.0,8,753.0
79000,430.0,5,323.0,7,753.0
79100,430.0,5,323.0,13,753.0
79200,430.0,5,323.0,13,753.0
79300,430.0,8,323.0,13,753.0
79400,430.0,8,323.0,13,753.0
79500,430.0,8,323.0,13,753.0
79600,430.0,8,323.0,13,753.0
79700,430.0,8,323.0,13,753.0
79800,430.0,8,323.0,13,753.0
79900,430.0,7,323.0,13,753.0
80000,430.0,7,323.0,13,753.0
80100,430.0,7,323.0,13,753.0
80200,430.0,7,323.0,9,753.0
80300,430.0,7,323.0,9,753.0
80400,430.0,7,323.0,9,753.0
80500,430.0,7,323.0,9,753.0
80600,430.0,7,323.0,9,753.0
80700,430.0,7,323.0,5,753.0
80800,430.0,7,323.0,5,753.0
80900,430.0,7,323.0,3,753.0
81000,430.0,7,323.0,3,753.0
81100,430.0,7,323.0,3,753.0
81200,430.0,7,323.0,1,753.0
81300,430.0,7,323.0,-1,753.0
81400,430.0,7,323.0,-1,753.0
81500,430.0,7,323.0,6,753.0
81600,430.0,7,323.0,6,753.0
81700,430.0,7,323.0,6,753.0
81800,430.0,7,323.0,6,753.0
81900,430.0,6,323.0,6,753.0
82000,430.0,7,323.0,6,753.0
82100,430.0,7,323.0,6,753.0
82200,430.0,7,323.0,6,753.0
82300,430.0,6,323.0,6,753.0
82400,430.0,6,323.0,6,753.0
82500,430.0,6,323.0,6,753.0
82600,430.0,6,323.0,6,753.0
82700,430.0,6,323.0,12,753.0
82800,430.0,6,323.0,12,753.0
82900,430.0,6,323.0,12,753.0
83000,430.0,7,323.0,12,753.0
83100,430.0,7,323.0,12,753.0
83200,430.0,8,323.0,8,753.0
83300,430.0,8,323.0,8,753.0
83400,430.0,8,323.0,8,753.0
83500,430.0,8,323.0,8,753.0
83600,430.0,8,323.0,8,753.0
83700,430.0,8,323.0,8,753.0
83800,430.0,8,323.0,8,753.0
83900,430.0,8,323.0,8,753.0
84000,430.0,8,323.0,8,753.0
84100,430.0,9,323.0,7,753.0
84200,430.0,9,323.0,7,753.0
84300,430.0,9,323.0,7,753.0
84400,430.0,9,323.0,7,753.0
84500,430.0,9,323.0,7,753.0
84600,430.0,9,323.0,7,753.0
84700,430.0,10,323.0,5,753.0
84800,430.0,10,323.0,5,753.0
84900,430.0,10,323.0,5,753.0
85000,430.0,10,323.0,5,753.0
85100,430.0,11,323.0,5,753.0
85200,430.0,11,323.0,5,753.0
85300,430.0,11,323.0,5,753.0
85400,430.0,11,323.0,5,753.0
85500,430.0,11,323.0,5,753.0
85600,430.0,11,323.0,5,753.0
85700,430.0,11,323.0,1,753.0
85800,430.0,8,323.0,1,753.0
85900,430.0,8,323.0,1,753.0
86000,430.0,9,323.0,1,753.0
86100,430.0,4,323.0,-4,753.0
86200,430.0,3,323.0,-4,753.0
86300,430.0,3,323.0,2,753.0
86400,430.0,3,323.0,2,753.0
86500,430.0,3,323.0,2,753.0
86600,430.0,3,323.0,2,753.0
86700,430.0,3,323.0,2,753.0
86800,430.0,2,323.0,1,753.0
86900,430.0,-3,323.0,1,753.0
87000,430.0,-3,323.0,-1,753.0
87100,430.0,-3,323.0,-1,753.0
87200,430.0,-3,323.0,-1,753.0
87300,430.0,-3,323.0,-1,753.0
87400,430.0,-3,323.0,-1,753.0
87500,430.0,-3,323.0,1,753.0
87600,430.0,-3,323.0,1,753.0
87700,430.0,-3,323.0,1,753.0
87800,430.0,-3,323.0,1,753.0
87900,430.0,-3,323.0,1,753.0
88000,430.0,-3,323.0,1,753.0
88100,430.0,-3,323.0,1,753.0
88200,430.0,-2,323.0,1,753.0
88300,430.0,-7,323.0,1,753.0
88400,430.0,-7,323.0,1,753.0
88500,430.0,-7,323.0,1,753.0
88600,430.0,-16,323.0,1,753.0
88700,430.0,-11,323.0,5,753.0
88800,430.0,-11,323.0,5,753.0
88900,430.0,-11,323.0,9,753.0
89000,430.0,-11,323.0,9,753.0
89100,430.0,-11,323.0,9,753.0
89200,430.0,-11,323.0,9,753.0
89300,430.0,-11,323.0,9,753.0
89400,430.0,-11,323.0,9,753.0
89500,430.0,-11,323.0,9,753.0
89600,430.0,-11,323.0,9,753.0
89700,430.0,-11,323.0,9,753.0
89800,430.0,-11,323.0,9,753.0
89900,430.0,-11,323.0,9,753.0
90000,430.0,-11,323.0,9,753.0
90100,430.0,-11,323.0,9,753.0
90200,430.0,-11,323.0,9,753.0
90300,430.0,-11,323.0,9,753.0
90400,430.0,-11,323.0,9,753.0
90500,430.0,-11,323.0,9,753.0
90600,430.0,-11,323.0,9,753.0
90700,430.0,-11,323.0,9,753.0
90800,430.0,-12,323.0,9,753.0
90900,430.0,-12,323.0,9,753.0
91000,430.0,-12,323.0,8,753.0
91100,430.0,-12,323.0,6,753.0
91200,430.0,-12,323.0,6,753.0
91300,430.0,-12,323.0,6,753.0
91400,430.0,-12,323.0,6,753.0
91500,430.0,-12,323.0,6,753.0
91600,430.0,-12,323.0,6,753.0
91700,430.0,-12,323.0,4,753.0
91800,430.0,-11,323.0,-1,753.0
91900,430.0,-11,323.0,-2,753.0
92000,430.0,-11,323.0,-2,753.0
92100,430.0,-11,323.0,-1,753.0
92200,430.0,-10,323.0,-1,753.0
92300,430.0,-10,323.0,-1,753.0
92400,430.0,-9,323.0,-1,753.0
92500,430.0,-9,323.0,-1,753.0
92600,430.0,-9,323.0,-1,753.0
92700,430.0,-9,323.0,-3,753.0
92800,430.0,-10,323.0,-3,753.0
92900,430.0,-10,323.0,-3,753.0
93000,430.0,-10,323.0,-3,753.0
93100,430.0,-10,323.0,-3,753.0
93200,430.0,-10,323.0,-3,753.0
93300,430.0,-9,323.0,-3,753.0
93400,430.0,-9,323.0,-4,753.0
93500,430.0,-6,323.0,-4,753.0
93600,430.0,-6,323.0,-4,753.0
93700,430.0,-6,323.0,-4,753.0
93800,430.0,-7,323.0,-4,753.0
93900,430.0,-6,323.0,-4,753.0
94000,430.0,-6,323.0,-4,753.0
94100,430.0,-10,323.0,-4,753.0
94200,430.0,-10,323.0,-4,753.0
94300,430.0,-10,323.0,-4,753.0
94400,430.0,-11,323.0,-4,753.0
94500,430.0,-11,323.0,-4,753.0
94600,430.0,-11,323.0,-4,753.0
94700,430.0,-11,323.0,-4,753.0
94800,430.0,-12,323.0,-4,753.0
94900,430.0,-12,323.0,-4,753.0
95000,430.0,-11,323.0,-4,753.0
95100,430.0,-11,323.0,-6,753.0
95200,430.0,-11,323.0,-6,753.0
95300,430.0,-11,323.0,-6,753.0
95400,430.0,-11,323.0,-6,753.0
95500,430.0,-11,323.0,-6,753.0
95600,430.0,-11,323.0,-6,753.0
95700,430.0,-11,323.0,-6,753.0
95800,430.0,-12,323.0,-6,753.0
95900,430.0,-12,323.0,-6,753.0
96000,430.0,-12,323.0,-6,753.0
96100,430.0,-12,323.0,-6,753.0
96200,430.0,-12,323.0,-6,753.0
96300,430.0,-7,323.0,-6,753.0
96400,430.0,-7,323.0,-4,753.0
96500,430.0,-7,323.0,-4,753.0
96600,430.0,-7,323.0,-4,753.0
96700,430.0,-7,323.0,-4,753.0
96800,430.0,-7,323.0,-4,753.0
96900,430.0,-10,323.0,-4,753.0
97000,430.0,-10,323.0,-4,753.0
97100,430.0,-10,323.0,-4,753.0
97200,430.0,-10,323.0,-4,753.0
97300,430.0,-7,323.0,-4,753.0
97400,430.0,-7,323.0,-2,753.0
97500,430.0,-7,323.0,-2,753.0
97600,430.0,-7,323.0,-2,753.0
97700,430.0,-7,323.0,-2,753.0
97800,430.0,-7,323.0,-2,753.0
97900,430.0,-7,323.0,-2,753.0
98000,430.0,-7,323.0,-2,753.0
98100,430.0,-7,323.0,-2,753.0
98200,430.0,-6,323.0,-2,753.0
98300,430.0,-6,323.0,-2,753.0
98400,430.0,-6,323.0,-4,753.0
98500,430.0,-6,323.0,-4,753.0
98600,430.0,-6,323.0,-4,753.0
98700,430.0,-6,323.0,-4,753.0
98800,430.0,-6,323.0,-4,753.0
98900,430.0,-7,323.0,-6,753.0
99000,430.0,-7,323.0,-6,753.0
99100,430.0,-7,323.0,-6,753.0
99200,430.0,-7,323.0,-6,753.0
99300,430.0,-7,323.0,-6,753.0
99400,430.0,-7,323.0,-8,753.0
99500,430.0,-7,323.0,-8,753.0
99600,430.0,-7,323.0,-8,753.0
99700,430.0,-8,323.0,-8,753.0
99800,430.0,-8,323.0,-8,753.0
99900,430.0,-8,323.0,-8,753.0
100000,430.0,-9,323.0,-8,753.0
100100,430.0,-9,323.0,-8,753.0
100200,430.0,-10,323.0,-8,753.0
100300,430.0,-10,323.0,-8,753.0
100400,430.0,-10,323.0,-8,753.0
100500,430.0,-10,323.0,-8,753.0
100600,430.0,-10,323.0,-8,753.0
100700,430.0,-10,323.0,-8,753.0
100800,430.0,-11,323.0,-8,753.0
100900,430.0,-11,323.0,-8,753.0
101000,430.0,-11,323.0,8,753.0
101100,430.0,-11,323.0,8,753.0
101200,430.0,-11,323.0,8,753.0
101300,430.0,-11,323.0,10,753.0
101400,430.0,-9,323.0,10,753.0
101500,430.0,-9,323.0,10,753.0
101600,430.0,-9,323.0,5,753.0
101700,430.0,-9,323.0,12,753.0
101800,430.0,-9,323.0,12,753.0
101900,430.0,-9,323.0,12,753.0
102000,430.0,-9,323.0,12,753.0
102100,430.0,-10,323.0,12,753.0
102200,430.0,-10,323.0,12,753.0
102300,430.0,-10,323.0,12,753.0
102400,430.0,-10,323.0,8,753.0
102500,430.0,-10,323.0,8,753.0
102600,430.0,-10,323.0,8,753.0
102700,430.0,-10,323.0,8,753.0
102800,430.0,-10,323.0,8,753.0
102900,430.0,-10,323.0,8,753.0
103000,430.0,-10,323.0,4,753.0
103100,430.0,-10,323.0,4,753.0
103200,430.0,-10,323.0,2,753.0
103300,430.0,-10,323.0,2,753.0
103400,430.0,-10,323.0,2,753.0
103500,430.0,-6,323.0,2,753.0
103600,430.0,-6,323.0,2,753.0
103700,430.0,-6,323.0,2,753.0
103800,430.0,-6,323.0,2,753.0
103900,430.0,-6,323.0,2,753.0
104000,430.0,-6,323.0,2,753.0
104100,430.0,-6,832.0,0,1262.0
104200,430.0,-6,832.0,0,1262.0
104300,430.0,-6,832.0,0,1262.0
104400,430.0,-6,832.0,0,1262.0
104500,430.0,-6,832.0,0,1262.0
104600,430.0,-6,832.0,0,1262.0
104700,430.0,-6,832.0,0,1262.0
104800,430.0,-7,832.0,0,1262.0
104900,430.0,-7,832.0,0,1262.0
105000,430.0,-7,832.0,0,1262.0
105100,430.0,-7,832.0,0,1262.0
105200,430.0,-7,832.0,0,1262.0
105300,430.0,-7,832.0,-7,1262.0
105400,430.0,-7,832.0,-9,1262.0
105500,430.0,-8,832.0,-9,1262.0
105600,430.0,-8,832.0,-9,1262.0
105700,430.0,-8,832.0,-11,1262.0
105800,430.0,-8,832.0,-12,1262.0
105900,430.0,-11,832.0,-20,1262.0
106000,430.0,-11,832.0,-20,1262.0
106100,430.0,-11,832.0,-16,1262.0
106200,430.0,-11,832.0,-9,1262.0
106300,430.0,-11,832.0,-9,1262.0
106400,430.0,-5,832.0,-5,1262.0
106500,430.0,1,832.0,1,1262.0
106600,430.0,1,832.0,1,1262.0
106700,430.0,5,832.0,1,1262.0
106800,430.0,6,832.0,1,1262.0
106900,430.0,5,832.0,1,1262.0
107000,430.0,5,832.0,1,1262.0
107100,430.0,5,832.0,5,1262.0
107200,430.0,6,832.0,5,1262.0
107300,430.0,6,832.0,5,1262.0
107400,430.0,6,832.0,5,1262.0
107500,430.0,6,832.0,5,1262.0
107600,430.0,6,832.0,5,1262.0
107700,430.0,6,832.0,5,1262.0
107800,430.0,6,832.0,5,1262.0
107900,430.0,6,832.0,5,1262.0
108000,430.0,6,832.0,5,1262.0
108100,430.0,17,832.0,5,1262.0
108200,430.0,18,832.0,5,1262.0
108300,430.0,18,832.0,5,1262.0
108400,430.0,18,832.0,5,1262.0
108500,430.0,18,832.0,4,1262.0
108600,430.0,18,832.0,6,1262.0
108700,430.0,20,832.0,6,1262.0
108800,430.0,20,832.0,6,1262.0
108900,430.0,20,832.0,6,1262.0
109000,430.0,20,832.0,6,1262.0
109100,430.0,20,832.0,6,1262.0
109200,430.0,20,832.0,6,1262.0
109300,430.0,20,832.0,6,1262.0
109400,430.0,20,832.0,6,1262.0
109500,430.0,20,832.0,6,1262.0
109600,430.0,20,832.0,6,1262.0
109700,430.0,20,832.0,6,1262.0
109800,430.0,20,832.0,8,1262.0
109900,430.0,19,832.0,8,1262.0
110000,430.0,18,832.0,8,1262.0
110100,430.0,18,832.0,8,1262.0
110200,430.0,18,832.0,8,1262.0
110300,430.0,18,832.0,8,1262.0
110400,430.0,18,832.0,8,1262.0
110500,430.0,18,832.0,20,1262.0
110600,430.0,18,832.0,20,1262.0
110700,430.0,10,832.0,18,1262.0
110800,430.0,10,832.0,15,1262.0
110900,430.0,10,832.0,15,1262.0
111000,430.0,10,832.0,15,1262.0
111100,430.0,11,832.0,13,1262.0
111200,430.0,15,832.0,13,1262.0
111300,430.0,15,832.0,13,1262.0
111400,430.0,18,832.0,13,1262.0
111500,430.0,18,832.0,13,1262.0
111600,430.0,18,832.0,12,1262.0
111700,430.0,18,832.0,12,1262.0
111800,430.0,18,832.0,12,1262.0
111900,430.0,18,832.0,12,1262.0
112000,430.0,18,832.0,12,1262.0
112100,430.0,18,832.0,12,1262.0
112200,430.0,20,832.0,12,1262.0
112300,430.0,20,832.0,11,1262.0
112400,430.0,20,832.0,11,1262.0
112500,430.0,20,832.0,11,1262.0
112600,430.0,20,832.0,11,1262.0
112700,430.0,20,832.0,11,1262.0
112800,430.0,20,832.0,11,1262.0
112900,430.0,20,832.0,11,1262.0
113000,430.0,20,832.0,11,1262.0
113100,430.0,16,832.0,11,1262.0
113200,430.0,16,832.0,11,1262.0
113300,430.0,16,832.0,11,1262.0
113400,430.0,16,832.0,20,1262.0
113500,430.0,16,832.0,20,1262.0
113600,430.0,16,832.0,20,1262.0
113700,430.0,16,832.0,20,1262.0
113800,430.0,16,832.0,20,1262.0
113900,430.0,15,832.0,20,1262.0
114000,430.0,15,832.0,20,1262.0
114100,430.0,20,832.0,20,1262.0
114200,430.0,20,832.0,18,1262.0
114300,430.0,20,832.0,18,1262.0
114400,430.0,20,832.0,18,1262.0
114500,430.0,20,832.0,18,1262.0
114600,430.0,20,832.0,18,1262.0
114700,430.0,19,832.0,18,1262.0
114800,430.0,19,832.0,18,1262.0
114900,430.0,19,832.0,18,1262.0
115000,430.0,19,832.0,18,1262.0
115100,430.0,19,832.0,18,1262.0
115200,430.0,19,832.0,17,1262.0
115300,430.0,19,832.0,17,1262.0
115400,430.0,20,832.0,17,1262.0
115500,430.0,20,832.0,17,1262.0
115600,430.0,20,832.0,17,1262.0
115700,430.0,20,832.0,17,1262.0
115800,430.0,20,832.0,16,1262.0
115900,430.0,20,832.0,16,1262.0
116000,430.0,20,832.0,16,1262.0
116100,430.0,20,832.0,16,1262.0
116200,430.0,20,832.0,16,1262.0
116300,430.0,20,832.0,16,1262.0
116400,430.0,20,832.0,16,1262.0
116500,430.0,20,832.0,16,1262.0
116600,430.0,20,832.0,16,1262.0
116700,430.0,20,832.0,16,1262.0
116800,430.0,19,832.0,16,1262.0
116900,430.0,16,832.0,16,1262.0
117000,430.0,16,832.0,16,1262.0
117100,430.0,16,832.0,16,1262.0
117200,430.0,16,832.0,16,1262.0
117300,430.0,16,832.0,16,1262.0
117400,430.0,16,832.0,16,1262.0
117500,430.0,16,832.0,16,1262.0
117600,430.0,16,832.0,20,1262.0
117700,430.0,16,832.0,20,1262.0
117800,430.0,16,832.0,20,1262.0
117900,430.0,16,832.0,20,1262.0
118000,430.0,16,832.0,20,1262.0
118100,430.0,16,832.0,20,1262.0
118200,430.0,16,832.0,20,1262.0
118300,430.0,16,832.0,20,1262.0
118400,430.0,16,832.0,20,1262.0
118500,430.0,16,832.0,20,1262.0
118600,430.0,16,832.0,20,1262.0
118700,430.0,16,832.0,20,1262.0
118800,430.0,16,832.0,20,1262.0
118900,430.0,16,832.0,20,1262.0
119000,430.0,16,832.0,20,1262.0
119100,430.0,16,832.0,20,1262.0
119200,430.0,16,832.0,18,1262.0
119300,430.0,16,832.0,18,1262.0
119400,430.0,17,832.0,18,1262.0
119500,430.0,17,832.0,18,1262.0
119600,430.0,17,832.0,18,1262.0
119700,430.0,17,832.0,18,1262.0
119800,430.0,17,832.0,18,1262.0
119900,430.0,13,832.0,18,1262.0
120000,430.0,12,832.0,18,1262.0
120100,430.0,11,832.0,18,1262.0
120200,430.0,11,832.0,18,1262.0
120300,430.0,10,832.0,18,1262.0
120400,430.0,10,832.0,18,1262.0
120500,430.0,10,832.0,20,1262.0
120600,430.0,10,832.0,20,1262.0
120700,430.0,10,832.0,20,1262.0
120800,430.0,10,832.0,20,1262.0
120900,430.0,10,832.0,20,1262.0
121000,430.0,10,832.0,20,1262.0
121100,430.0,10,832.0,20,1262.0
121200,430.0,10,832.0,20,1262.0
121300,430.0,10,832.0,20,1262.0
121400,430.0,10,832.0,20,1262.0
121500,430.0,5,832.0,20,1262.0
121600,430.0,5,832.0,20,1262.0
121700,430.0,5,832.0,20,1262.0
121800,430.0,5,832.0,20,1262.0
121900,430.0,5,832.0,20,1262.0
122000,430.0,5,832.0,18,1262.0
122100,430.0,5,832.0,18,1262.0
122200,430.0,5,832.0,18,1262.0
122300,430.0,5,832.0,18,1262.0
122400,430.0,5,832.0,18,1262.0
122500,430.0,5,832.0,18,1262.0
122600,430.0,5,832.0,18,1262.0
122700,430.0,5,832.0,16,1262.0
122800,430.0,5,832.0,16,1262.0
122900,430.0,5,832.0,16,1262.0
123000,430.0,5,832.0,15,1262.0
123100,430.0,5,832.0,15,1262.0
123200,430.0,5,832.0,15,1262.0
123300,430.0,5,832.0,20,1262.0
123400,430.0,5,832.0,20,1262.0
123500,430.0,5,832.0,20,1262.0
123600,430.0,5,832.0,20,1262.0
123700,430.0,5,832.0,20,1262.0
123800,430.0,-1,832.0,20,1262.0
123900,782.0,0,832.0,18,1614.0
124000,782.0,0,832.0,18,1614.0
124100,782.0,0,832.0,17,1614.0
124200,782.0,0,832.0,20,1614.0
124300,782.0,0,832.0,20,1614.0
124400,782.0,0,832.0,20,1614.0
124500,782.0,0,832.0,20,1614.0
124600,782.0,5,832.0,20,1614.0
124700,782.0,5,832.0,16,1614.0
124800,782.0,6,832.0,16,1614.0
124900,782.0,6,832.0,16,1614.0
125000,782.0,6,832.0,16,1614.0
125100,782.0,6,832.0,16,1614.0
125200,782.0,6,832.0,16,1614.0
125300,782.0,2,832.0,16,1614.0
125400,782.0,2,832.0,16,1614.0
125500,782.0,2,832.0,16,1614.0
125600,782.0,2,832.0,16,1614.0
125700,782.0,2,832.0,16,1614.0
125800,782.0,4,832.0,16,1614.0
125900,782.0,5,832.0,16,1614.0
126000,782.0,5,832.0,20,1614.0
126100,782.0,5,832.0,20,1614.0
126200,782.0,4,832.0,20,1614.0
126300,782.0,-3,832.0,20,1614.0
126400,782.0,-3,832.0,20,1614.0
126500,782.0,-3,832.0,20,1614.0
126600,782.0,-3,832.0,20,1614.0
126700,782.0,-3,832.0,20,1614.0
126800,782.0,-5,832.0,20,1614.0
126900,782.0,-5,832.0,20,1614.0
127000,782.0,-5,832.0,20,1614.0
127100,782.0,-5,832.0,20,1614.0
127200,782.0,-5,832.0,20,1614.0
127300,782.0,-5,832.0,20,1614.0
127400,782.0,-5,832.0,20,1614.0
127500,782.0,-5,832.0,20,1614.0
127600,782.0,-2,832.0,20,1614.0
127700,782.0,-2,832.0,20,1614.0
127800,782.0,-2,832.0,20,1614.0
127900,782.0,-2,832.0,20,1614.0
128000,782.0,-2,832.0,20,1614.0
128100,782.0,-2,832.0,18,1614.0
128200,782.0,-2,832.0,18,1614.0
128300,782.0,-3,832.0,18,1614.0
128400,782.0,-3,832.0,17,1614.0
128500,782.0,-3,832.0,20,1614.0
128600,782.0,-3,832.0,20,1614.0
128700,782.0,-3,832.0,20,1614.0
128800,782.0,-3,832.0,20,1614.0
128900,782.0,-3,832.0,20,1614.0
129000,782.0,-5,832.0,14,1614.0
129100,782.0,-5,832.0,14,1614.0
129200,782.0,-5,832.0,14,1614.0
129300,782.0,-5,832.0,14,1614.0
129400,782.0,-5,832.0,14,1614.0
129500,782.0,-5,832.0,14,1614.0
129600,782.0,-5,832.0,14,1614.0
129700,782.0,-5,832.0,14,1614.0
129800,782.0,-2,832.0,14,1614.0
129900,782.0,-2,832.0,14,1614.0
130000,782.0,-2,832.0,14,1614.0
130100,782.0,-2,832.0,14,1614.0
130200,782.0,-1,832.0,12,1614.0
130300,782.0,-1,832.0,18,1614.0
130400,782.0,-2,832.0,18,1614.0
130500,782.0,-2,832.0,18,1614.0
130600,782.0,-2,832.0,18,1614.0
130700,782.0,-2,832.0,18,1614.0
130800,782.0,-2,832.0,16,1614.0
130900,782.0,-2,832.0,16,1614.0
131000,782.0,-2,832.0,20,1614.0
131100,782.0,-2,832.0,20,1614.0
131200,782.0,-2,832.0,20,1614.0
131300,782.0,-2,832.0,20,1614.0
131400,782.0,-2,832.0,20,1614.0
131500,782.0,-1,832.0,13,1614.0
131600,782.0,-1,832.0,13,1614.0
131700,782.0,-2,832.0,11,1614.0
131800,782.0,-2,832.0,11,1614.0
131900,782.0,-2,832.0,19,1614.0
132000,782.0,-2,832.0,19,1614.0
132100,782.0,-2,832.0,19,1614.0
132200,782.0,-2,832.0,19,1614.0
132300,782.0,-2,832.0,19,1614.0
132400,782.0,-6,832.0,19,1614.0
132500,782.0,-6,832.0,19,1614.0
132600,782.0,-6,832.0,19,1614.0
132700,782.0,-6,832.0,19,1614.0
132800,782.0,-6,832.0,19,1614.0
132900,782.0,-6,832.0,19,1614.0
133000,782.0,-5,832.0,19,1614.0
133100,782.0,-5,832.0,19,1614.0
133200,782.0,-10,832.0,19,1614.0
133300,782.0,-10,832.0,19,1614.0
133400,782.0,-10,832.0,19,1614.0
133500,782.0,-10,832.0,19,1614.0
133600,782.0,-10,832.0,19,1614.0
133700,782.0,-10,832.0,19,1614.0
133800,782.0,-10,832.0,20,1614.0
133900,782.0,-10,832.0,20,1614.0
134000,782.0,-10,832.0,20,1614.0
134100,782.0,-7,832.0,20,1614.0
134200,782.0,-7,832.0,20,1614.0
134300,782.0,-8,832.0,20,1614.0
134400,782.0,-9,832.0,20,1614.0
134500,782.0,-9,832.0,20,1614.0
134600,782.0,-9,832.0,20,1614.0
134700,782.0,-9,832.0,20,1614.0
134800,782.0,-13,832.0,20,1614.0
134900,782.0,-13,832.0,20,1614.0
135000,782.0,-12,832.0,20,1614.0
135100,782.0,-12,832.0,20,1614.0
135200,782.0,-12,832.0,4,1614.0
135300,782.0,-12,832.0,4,1614.0
135400,782.0,-12,832.0,4,1614.0
135500,782.0,-12,832.0,4,1614.0
135600,782.0,-12,832.0,4,1614.0
135700,782.0,-13,832.0,4,1614.0
135800,782.0,-13,832.0,4,1614.0
135900,782.0,-10,832.0,4,1614.0
136000,782.0,-10,832.0,4,1614.0
136100,782.0,-9,832.0,4,1614.0
136200,782.0,-9,832.0,4,1614.0
136300,782.0,-9,832.0,4,1614.0
136400,782.0,-10,832.0,4,1614.0
136500,782.0,-10,832.0,4,1614.0
136600,782.0,-10,832.0,6,1614.0
136700,782.0,-10,832.0,6,1614.0
136800,782.0,-10,832.0,6,1614.0
136900,782.0,-11,832.0,6,1614.0
137000,782.0,-11,832.0,6,1614.0
137100,782.0,-11,832.0,6,1614.0
137200,782.0,-11,832.0,6,1614.0
137300,782.0,-11,832.0,6,1614.0
137400,782.0,-11,832.0,6,1614.0
137500,782.0,-11,832.0,6,1614.0
137600,782.0,-10,832.0,6,1614.0
137700,782.0,-10,832.0,6,1614.0
137800,782.0,-2,832.0,12,1614.0
137900,782.0,-2,832.0,12,1614.0
138000,782.0,-2,832.0,12,1614.0
138100,782.0,-2,832.0,12,1614.0
138200,782.0,-2,832.0,12,1614.0
138300,782.0,-1,832.0,12,1614.0
138400,782.0,-1,832.0,12,1614.0
138500,912.0,0,832.0,12,1744.0
138600,912.0,0,832.0,12,1744.0
138700,912.0,0,832.0,12,1744.0
138800,912.0,0,832.0,12,1744.0
138900,912.0,0,832.0,12,1744.0
139000,912.0,0,832.0,12,1744.0
139100,912.0,0,832.0,14,1744.0
139200,912.0,0,832.0,14,1744.0
139300,912.0,0,832.0,14,1744.0
139400,912.0,0,832.0,14,1744.0
139500,912.0,-5,832.0,14,1744.0
139600,912.0,-5,832.0,14,1744.0
139700,912.0,-4,832.0,14,1744.0
139800,912.0,-4,832.0,20,1744.0
139900,912.0,-4,832.0,18,1744.0
140000,912.0,-4,832.0,18,1744.0
140100,912.0,-4,832.0,18,1744.0
140200,912.0,-4,832.0,20,1744.0
140300,912.0,-4,832.0,20,1744.0
140400,912.0,-5,832.0,20,1744.0
140500,912.0,-5,832.0,20,1744.0
140600,912.0,-5,832.0,20,1744.0
140700,912.0,-2,832.0,20,1744.0
140800,912.0,-2,832.0,20,1744.0
140900,912.0,-2,832.0,20,1744.0
141000,912.0,-2,832.0,20,1744.0
141100,912.0,-2,832.0,20,1744.0
141200,912.0,-2,832.0,20,1744.0
141300,912.0,-2,832.0,20,1744.0
141400,912.0,-2,832.0,20,1744.0
141500,912.0,-2,832.0,20,1744.0
141600,912.0,-2,832.0,20,1744.0
141700,912.0,-2,832.0,20,1744.0
141800,912.0,-2,832.0,20,1744.0
141900,912.0,-2,832.0,20,1744.0
142000,912.0,-2,832.0,20,1744.0
142100,912.0,-2,832.0,19,1744.0
142200,912.0,-2,832.0,19,1744.0
142300,912.0,-2,832.0,19,1744.0
142400,912.0,-2,832.0,17,1744.0
142500,912.0,-5,832.0,17,1744.0
142600,912.0,-5,832.0,12,1744.0
142700,912.0,-5,832.0,12,1744.0
142800,912.0,-10,832.0,12,1744.0
142900,912.0,-10,832.0,11,1744.0
143000,912.0,-9,832.0,11,1744.0
143100,912.0,-9,832.0,11,1744.0
143200,912.0,-9,832.0,11,1744.0
143300,912.0,-9,832.0,11,1744.0
143400,912.0,-9,832.0,11,1744.0
143500,912.0,-9,832.0,11,1744.0
143600,912.0,-9,832.0,11,1744.0
143700,912.0,-9,832.0,11,1744.0
143800,912.0,-9,832.0,11,1744.0
143900,912.0,-9,832.0,11,1744.0
144000,912.0,-10,832.0,11,1744.0
144100,912.0,-10,832.0,10,1744.0
144200,912.0,-10,832.0,10,1744.0
144300,912.0,-10,832.0,10,1744.0
144400,912.0,-10,832.0,10,1744.0
144500,912.0,-10,832.0,10,1744.0
144600,912.0,-10,832.0,10,1744.0
144700,912.0,-12,832.0,10,1744.0
144800,912.0,-12,832.0,10,1744.0
144900,912.0,-12,832.0,10,1744.0
145000,912.0,-12,832.0,10,1744.0
145100,912.0,-12,832.0,10,1744.0
145200,912.0,-12,832.0,20,1744.0
145300,912.0,-12,832.0,18,1744.0
145400,912.0,-9,832.0,18,1744.0
145500,912.0,-9,832.0,18,1744.0
145600,912.0,-10,832.0,18,1744.0
145700,912.0,-2,832.0,18,1744.0
145800,912.0,-2,832.0,18,1744.0
145900,912.0,-2,832.0,18,1744.0
146000,912.0,-2,832.0,18,1744.0
146100,912.0,-2,832.0,18,1744.0
146200,912.0,-2,832.0,18,1744.0
146300,912.0,-2,832.0,18,1744.0
146400,912.0,-2,832.0,18,1744.0
146500,912.0,-2,832.0,18,1744.0
146600,912.0,-2,832.0,18,1744.0
146700,912.0,-2,832.0,14,1744.0
146800,912.0,-2,832.0,14,1744.0
146900,912.0,-2,832.0,14,1744.0
147000,912.0,-2,832.0,14,1744.0
147100,912.0,-2,832.0,14,1744.0
147200,912.0,-2,832.0,14,1744.0
147300,912.0,-2,832.0,14,1744.0
147400,912.0,-2,832.0,11,1744.0
147500,912.0,-2,832.0,11,1744.0
147600,912.0,-2,832.0,11,1744.0
147700,912.0,-2,832.0,11,1744.0
147800,912.0,-3,832.0,11,1744.0
147900,912.0,-3,832.0,9,1744.0
148000,912.0,-3,832.0,9,1744.0
148100,912.0,-3,832.0,9,1744.0
148200,912.0,-3,832.0,9,1744.0
148300,912.0,-3,832.0,9,1744.0
148400,912.0,-3,832.0,9,1744.0
148500,912.0,-3,832.0,9,1744.0
148600,912.0,-3,832.0,9,1744.0
148700,912.0,-3,832.0,9,1744.0
148800,912.0,-3,832.0,9,1744.0
148900,912.0,-3,832.0,9,1744.0
149000,912.0,-3,832.0,9,1744.0
149100,912.0,-8,832.0,5,1744.0
149200,912.0,-8,832.0,3,1744.0
149300,912.0,-9,832.0,1,1744.0
149400,912.0,-9,832.0,1,1744.0
149500,912.0,-9,832.0,1,1744.0
149600,912.0,-9,883.0,0,1795.0
149700,912.0,-9,883.0,0,1795.0
149800,912.0,-15,883.0,0,1795.0
149900,912.0,-20,883.0,-2,1795.0
150000,912.0,-20,883.0,3,1795.0
150100,912.0,-20,883.0,3,1795.0
150200,912.0,-20,883.0,-1,1795.0
150300,912.0,-19,883.0,-1,1795.0
150400,912.0,-19,883.0,-1,1795.0
150500,912.0,-18,883.0,1,1795.0
150600,912.0,-19,883.0,1,1795.0
150700,912.0,-19,883.0,3,1795.0
150800,912.0,-19,883.0,3,1795.0
150900,912.0,-18,883.0,3,1795.0
151000,912.0,-18,883.0,3,1795.0
151100,912.0,-18,883.0,3,1795.0
151200,912.0,-18,883.0,1,1795.0
151300,912.0,-18,883.0,1,1795.0
151400,912.0,-18,883.0,-1,1795.0
151500,912.0,-18,883.0,-1,1795.0
151600,912.0,-18,883.0,1,1795.0
151700,912.0,-20,883.0,-12,1795.0
151800,912.0,-20,883.0,-12,1795.0
151900,912.0,-20,883.0,-12,1795.0
152000,912.0,-20,883.0,-12,1795.0
152100,912.0,-9,883.0,-12,1795.0
152200,912.0,-9,883.0,-12,1795.0
152300,912.0,-9,883.0,-7,1795.0
152400,912.0,-9,883.0,-7,1795.0
152500,912.0,-9,883.0,-7,1795.0
152600,912.0,-9,883.0,-7,1795.0
152700,912.0,-9,883.0,-7,1795.0
152800,912.0,-9,883.0,-7,1795.0
152900,912.0,-9,883.0,-7,1795.0
153000,912.0,-9,883.0,-7,1795.0
153100,912.0,-9,883.0,-9,1795.0
153200,912.0,-9,883.0,-9,1795.0
153300,912.0,-9,883.0,-9,1795.0
153400,912.0,-9,883.0,-9,1795.0
153500,912.0,-9,883.0,-9,1795.0
153600,912.0,-8,883.0,-9,1795.0
153700,912.0,-8,883.0,-9,1795.0
153800,912.0,-8,883.0,-9,1795.0
153900,912.0,-8,883.0,-9,1795.0
154000,912.0,-8,883.0,-9,1795.0
154100,912.0,-8,883.0,-9,1795.0
154200,912.0,-8,883.0,-9,1795.0
154300,912.0,-8,883.0,-9,1795.0
154400,912.0,-8,883.0,-9,1795.0
154500,912.0,-8,883.0,-9,1795.0
154600,912.0,-8,883.0,-9,1795.0
154700,912.0,-8,883.0,-9,1795.0
154800,912.0,-8,883.0,-9,1795.0
154900,912.0,-9,883.0,-9,1795.0
155000,912.0,-8,883.0,-9,1795.0
155100,912.0,-8,883.0,-9,1795.0
155200,912.0,-8,883.0,-7,1795.0
155300,912.0,-9,883.0,-7,1795.0
155400,912.0,-9,883.0,-7,1795.0
155500,912.0,-9,883.0,-7,1795.0
155600,912.0,-8,883.0,-7,1795.0
155700,912.0,-8,883.0,-7,1795.0
155800,912.0,-8,883.0,-7,1795.0
155900,912.0,-8,883.0,-7,1795.0
156000,912.0,-8,883.0,-7,1795.0
156100,912.0,-8,883.0,-7,1795.0
156200,912.0,-8,883.0,-7,1795.0
156300,912.0,-8,883.0,-7,1795.0
156400,912.0,-8,883.0,-4,1795.0
156500,912.0,-9,883.0,-4,1795.0
156600,912.0,-9,883.0,-4,1795.0
156700,912.0,-9,883.0,-2,1795.0
156800,912.0,-9,883.0,-2,1795.0
156900,912.0,-9,883.0,-2,1795.0
157000,912.0,-9,883.0,3,1795.0
157100,912.0,-9,883.0,3,1795.0
157200,912.0,-8,883.0,3,1795.0
157300,912.0,-8,883.0,2,1795.0
157400,912.0,-4,883.0,2,1795.0
157500,912.0,-5,883.0,16,1795.0
157600,912.0,-5,883.0,16,1795.0
157700,912.0,-5,883.0,-8,1795.0
157800,912.0,-5,883.0,-9,1795.0
157900,912.0,-5,883.0,-9,1795.0
158000,912.0,-5,883.0,-9,1795.0
158100,912.0,-5,883.0,-9,1795.0
158200,912.0,-5,883.0,-9,1795.0
158300,912.0,-6,883.0,-9,1795.0
158400,912.0,-1,883.0,-9,1795.0
158500,912.0,4,883.0,-11,1795.0
158600,912.0,4,883.0,-11,1795.0
158700,912.0,4,883.0,-11,1795.0
158800,912.0,4,883.0,-11,1795.0
158900,912.0,4,883.0,-15,1795.0
159000,912.0,4,883.0,-15,1795.0
159100,912.0,4,883.0,-15,1795.0
159200,912.0,4,883.0,-15,1795.0
159300,912.0,4,883.0,-15,1795.0
159400,912.0,4,883.0,-13,1795.0
159500,912.0,-2,883.0,-19,1795.0
159600,912.0,-2,883.0,-19,1795.0
159700,912.0,-2,883.0,-20,1795.0
159800,912.0,2,883.0,-20,1795.0
159900,912.0,2,883.0,-20,1795.0
160000,912.0,2,883.0,-15,1795.0
160100,912.0,2,883.0,-15,1795.0
160200,912.0,2,883.0,-15,1795.0
160300,912.0,2,883.0,-15,1795.0
160400,912.0,3,883.0,-15,1795.0
160500,912.0,4,883.0,-16,1795.0
160600,912.0,4,883.0,-16,1795.0
160700,912.0,3,883.0,-16,1795.0
160800,912.0,3,883.0,-16,1795.0
160900,912.0,1,883.0,-16,1795.0
161000,912.0,-2,883.0,-16,1795.0
161100,912.0,-2,1055.0,0,1967.0
161200,912.0,-2,1055.0,0,1967.0
161300,912.0,-2,1055.0,0,1967.0
161400,912.0,-2,1055.0,0,1967.0
161500,912.0,-2,1055.0,0,1967.0
161600,912.0,-2,1055.0,0,1967.0
161700,912.0,-1,1055.0,0,1967.0
161800,912.0,-1,1055.0,-14,1967.0
161900,912.0,-1,1055.0,-14,1967.0
162000,912.0,-1,1055.0,-14,1967.0
162100,912.0,-1,1055.0,-14,1967.0
162200,912.0,-1,1055.0,-14,1967.0
162300,912.0,-1,1055.0,-14,1967.0
162400,912.0,-1,1055.0,-14,1967.0
162500,912.0,4,1055.0,-9,1967.0
162600,912.0,4,1055.0,-9,1967.0
162700,912.0,4,1055.0,-9,1967.0
162800,912.0,4,1055.0,-9,1967.0
162900,912.0,4,1055.0,-9,1967.0
163000,912.0,4,1055.0,-9,1967.0
163100,912.0,4,1055.0,-9,1967.0
163200,912.0,8,1055.0,-9,1967.0
163300,912.0,9,1055.0,-9,1967.0
163400,912.0,9,1055.0,-9,1967.0
163500,912.0,9,1055.0,-9,1967.0
163600,912.0,6,1055.0,-13,1967.0
163700,912.0,6,1055.0,-13,1967.0
163800,912.0,6,1055.0,-13,1967.0
163900,912.0,7,1055.0,-13,1967.0
164000,912.0,7,1055.0,-13,1967.0
164100,912.0,8,1055.0,-13,1967.0
164200,912.0,8,1055.0,-13,1967.0
164300,912.0,8,1055.0,-13,1967.0
164400,912.0,8,1055.0,-13,1967.0
164500,912.0,8,1055.0,-13,1967.0
164600,912.0,8,1055.0,-13,1967.0
164700,912.0,9,1055.0,-15,1967.0
164800,912.0,9,1055.0,-15,1967.0
164900,912.0,9,1055.0,-15,1967.0
165000,912.0,9,1055.0,-10,1967.0
165100,912.0,9,1055.0,-11,1967.0
165200,912.0,9,1055.0,-13,1967.0
165300,912.0,9,1055.0,-7,1967.0
165400,912.0,9,1055.0,-7,1967.0
165500,912.0,9,1055.0,-7,1967.0
165600,912.0,5,1055.0,-7,1967.0
165700,912.0,6,1055.0,-7,1967.0
165800,912.0,6,1055.0,-9,1967.0
165900,912.0,6,1055.0,-9,1967.0
166000,912.0,7,1055.0,-9,1967.0
166100,912.0,7,1055.0,-11,1967.0
166200,912.0,7,1055.0,-11,1967.0
166300,912.0,8,1055.0,-5,1967.0
166400,912.0,8,1055.0,-5,1967.0
166500,912.0,8,1055.0,-5,1967.0
166600,912.0,8,1055.0,-5,1967.0
166700,912.0,8,1055.0,-5,1967.0
166800,912.0,8,1055.0,-5,1967.0
166900,912.0,8,1055.0,-5,1967.0
167000,912.0,8,1055.0,-5,1967.0
167100,912.0,8,1055.0,5,1967.0
167200,912.0,8,1055.0,5,1967.0
167300,912.0,8,1055.0,5,1967.0
167400,912.0,8,1055.0,5,1967.0
167500,912.0,8,1055.0,5,1967.0
167600,912.0,8,1055.0,5,1967.0
167700,912.0,8,1055.0,5,1967.0
167800,912.0,12,1055.0,5,1967.0
167900,912.0,13,1055.0,3,1967.0
168000,912.0,14,1055.0,3,1967.0
168100,912.0,14,1055.0,3,1967.0
168200,912.0,15,1055.0,3,1967.0
168300,912.0,15,1055.0,3,1967.0
168400,912.0,15,1055.0,3,1967.0
168500,912.0,15,1055.0,3,1967.0
168600,912.0,14,1055.0,3,1967.0
168700,912.0,14,1055.0,3,1967.0
168800,912.0,14,1055.0,3,1967.0
168900,912.0,14,1055.0,3,1967.0
169000,912.0,14,1055.0,3,1967.0
169100,912.0,14,1055.0,3,1967.0
169200,912.0,14,1055.0,3,1967.0
169300,912.0,14,1055.0,1,1967.0
169400,912.0,14,1055.0,1,1967.0
169500,912.0,14,1055.0,1,1967.0
169600,912.0,14,1055.0,-1,1967.0
169700,912.0,14,1055.0,-1,1967.0
169800,912.0,14,1055.0,-1,1967.0
169900,912.0,14,1055.0,-1,1967.0
170000,912.0,14,1055.0,-1,1967.0
170100,912.0,14,1055.0,-1,1967.0
170200,912.0,14,1055.0,-1,1967.0
170300,912.0,14,1055.0,1,1967.0
170400,912.0,14,1055.0,1,1967.0
170500,912.0,3,1055.0,-9,1967.0
170600,912.0,3,1055.0,-9,1967.0
170700,912.0,3,1055.0,-9,1967.0
170800,912.0,3,1055.0,-9,1967.0
170900,912.0,3,1055.0,-9,1967.0
171000,912.0,3,1055.0,-9,1967.0
171100,912.0,3,1055.0,-3,1967.0
171200,1174.0,0,1055.0,-3,2229.0
171300,1174.0,0,1055.0,-3,2229.0
171400,1174.0,0,1055.0,-3,2229.0
171500,1174.0,-5,1055.0,-3,2229.0
171600,1174.0,-6,1055.0,-3,2229.0
171700,1174.0,5,1055.0,1,2229.0
171800,1174.0,5,1055.0,1,2229.0
171900,1174.0,5,1055.0,1,2229.0
172000,1174.0,4,1055.0,1,2229.0
172100,1174.0,4,1055.0,1,2229.0
172200,1174.0,3,1055.0,1,2229.0
172300,1174.0,3,1055.0,1,2229.0
172400,1174.0,3,1055.0,1,2229.0
172500,1174.0,3,1055.0,1,2229.0
172600,1174.0,3,1055.0,1,2229.0
172700,1174.0,3,1055.0,1,2229.0
172800,1174.0,6,1055.0,1,2229.0
172900,1174.0,6,1055.0,1,2229.0
173000,1174.0,6,1055.0,1,2229.0
173100,1174.0,6,1055.0,1,2229.0
173200,1174.0,6,1055.0,1,2229.0
173300,1174.0,6,1055.0,3,2229.0
173400,1174.0,6,1055.0,7,2229.0
173500,1174.0,6,1055.0,7,2229.0
173600,1174.0,9,1055.0,7,2229.0
173700,1174.0,9,1055.0,7,2229.0
173800,1174.0,9,1055.0,5,2229.0
173900,1174.0,9,1055.0,1,2229.0
174000,1174.0,9,1055.0,-1,2229.0
174100,1174.0,9,1055.0,-1,2229.0
174200,1174.0,9,1055.0,-1,2229.0
174300,1174.0,9,1055.0,-1,2229.0
174400,1174.0,9,1055.0,-1,2229.0
174500,1174.0,9,1055.0,-1,2229.0
174600,1174.0,9,1055.0,-1,2229.0
174700,1174.0,9,1055.0,-1,2229.0
174800,1174.0,9,1055.0,-1,2229.0
174900,1174.0,9,1055.0,-2,2229.0
175000,1174.0,9,1055.0,-2,2229.0
175100,1174.0,9,1055.0,-2,2229.0
175200,1174.0,9,1055.0,-2,2229.0
175300,1174.0,9,1055.0,-2,2229.0
175400,1174.0,9,1055.0,-2,2229.0
175500,1174.0,9,1055.0,-2,2229.0
175600,1174.0,9,1055.0,-2,2229.0
175700,1174.0,9,1055.0,-2,2229.0
175800,1174.0,9,1055.0,-2,2229.0
175900,1174.0,9,1055.0,-2,2229.0
176000,1174.0,9,1055.0,-2,2229.0
176100,1174.0,8,1232.0,0,2406.0
176200,1174.0,8,1232.0,0,2406.0
176300,1174.0,8,1232.0,0,2406.0
176400,1174.0,8,1232.0,0,2406.0
176500,1174.0,8,1232.0,0,2406.0
176600,1174.0,8,1232.0,0,2406.0
176700,1174.0,8,1232.0,0,2406.0
176800,1174.0,8,1232.0,0,2406.0
176900,1174.0,8,1232.0,0,2406.0
177000,1174.0,8,1232.0,0,2406.0
177100,1174.0,8,1232.0,0,2406.0
177200,1174.0,8,1232.0,0,2406.0
177300,1174.0,8,1232.0,0,2406.0
177400,1174.0,8,1232.0,0,2406.0
177500,1174.0,8,1232.0,0,2406.0
177600,1174.0,8,1232.0,0,2406.0
177700,1174.0,9,1232.0,0,2406.0
177800,1174.0,9,1232.0,0,2406.0
177900,1174.0,9,1232.0,0,2406.0
178000,1174.0,20,1232.0,0,2406.0
178100,1174.0,20,1232.0,0,2406.0
178200,1174.0,20,1232.0,0,2406.0
178300,1174.0,20,1232.0,0,2406.0
178400,1174.0,20,1232.0,0,2406.0
178500,1174.0,20,1232.0,0,2406.0
178600,1174.0,20,1232.0,0,2406.0
178700,1174.0,20,1232.0,0,2406.0
178800,1174.0,20,1232.0,2,2406.0
178900,1174.0,20,1232.0,2,2406.0
179000,1174.0,20,1232.0,2,2406.0
179100,1174.0,20,1232.0,2,2406.0
179200,1174.0,20,1232.0,2,2406.0
179300,1174.0,20,1232.0,2,2406.0
179400,1174.0,20,1232.0,2,2406.0
179500,1174.0,20,1232.0,2,2406.0
179600,1174.0,20,1232.0,2,2406.0
179700,1174.0,20,1232.0,2,2406.0
179800,1174.0,20,1244.0,0,2418.0
179900,1174.0,20,1244.0,0,2418.0
180000,1174.0,20,1244.0,0,2418.0
180100,1174.0,20,1244.0,0,2418.0
180200,1174.0,20,1244.0,0,2418.0
180300,1174.0,20,1244.0,0,2418.0
180400,1174.0,20,1244.0,0,2418.0
180500,1174.0,20,1244.0,0,2418.0
180600,1174.0,20,1244.0,-2,2418.0
180700,1174.0,20,1244.0,-2,2418.0
180800,1174.0,20,1244.0,-2,2418.0
180900,1174.0,20,1244.0,-2,2418.0
181000,1174.0,20,1244.0,-2,2418.0
181100,1174.0,20,1244.0,-2,2418.0
181200,1174.0,20,1244.0,-2,2418.0
181300,1174.0,20,1244.0,-2,2418.0
181400,1174.0,20,1244.0,-2,2418.0
181500,1174.0,20,1244.0,-2,2418.0
181600,1174.0,20,1250.0,0,2424.0
181700,1174.0,20,1250.0,4,2424.0
181800,1174.0,20,1250.0,4,2424.0
181900,1174.0,20,1250.0,6,2424.0
182000,1174.0,19,1250.0,6,2424.0
182100,1174.0,18,1250.0,6,2424.0
182200,1174.0,18,1250.0,6,2424.0
182300,1174.0,18,1250.0,5,2424.0
182400,1174.0,18,1250.0,5,2424.0
182500,1174.0,18,1250.0,5,2424.0
182600,1174.0,14,1250.0,5,2424.0
182700,1174.0,14,1250.0,5,2424.0
182800,1174.0,14,1250.0,5,2424.0
182900,1174.0,14,1250.0,5,2424.0
183000,1174.0,14,1250.0,5,2424.0
183100,1174.0,14,1250.0,5,2424.0
183200,1174.0,14,1250.0,3,2424.0
183300,1174.0,14,1250.0,3,2424.0
183400,1174.0,14,1250.0,3,2424.0
183500,1174.0,14,1250.0,3,2424.0
183600,1174.0,14,1250.0,3,2424.0
183700,1174.0,14,1250.0,3,2424.0
183800,1174.0,14,1250.0,3,2424.0
183900,1174.0,14,1250.0,3,2424.0
184000,1174.0,14,1250.0,3,2424.0
184100,1174.0,14,1250.0,3,2424.0
184200,1174.0,14,1250.0,2,2424.0
184300,1174.0,14,1250.0,2,2424.0
184400,1174.0,14,1250.0,2,2424.0
184500,1174.0,14,1250.0,2,2424.0
184600,1174.0,14,1250.0,2,2424.0
184700,1174.0,14,1250.0,2,2424.0
184800,1174.0,14,1273.0,0,2447.0
184900,1174.0,9,1273.0,0,2447.0
185000,1174.0,8,1273.0,0,2447.0
185100,1174.0,8,1273.0,0,2447.0
185200,1174.0,8,1273.0,0,2447.0
185300,1174.0,7,1273.0,0,2447.0
185400,1174.0,7,1273.0,0,2447.0
185500,1174.0,7,1273.0,0,2447.0
185600,1174.0,8,1273.0,0,2447.0
185700,1174.0,8,1273.0,0,2447.0
185800,1174.0,8,1273.0,0,2447.0
185900,1174.0,8,1273.0,0,2447.0
186000,1174.0,8,1273.0,0,2447.0
186100,1174.0,4,1273.0,0,2447.0
186200,1174.0,4,1273.0,8,2447.0
186300,1174.0,4,1273.0,8,2447.0
186400,1174.0,4,1273.0,20,2447.0
186500,1174.0,5,1273.0,20,2447.0
186600,1174.0,5,1273.0,20,2447.0
186700,1174.0,5,1273.0,20,2447.0
186800,1174.0,5,1273.0,20,2447.0
186900,1174.0,5,1273.0,20,2447.0
187000,1174.0,5,1273.0,20,2447.0
187100,1174.0,5,1273.0,20,2447.0
187200,1174.0,5,1273.0,20,2447.0
187300,1174.0,5,1273.0,20,2447.0
187400,1174.0,5,1273.0,20,2447.0
187500,1174.0,5,1273.0,18,2447.0
187600,1174.0,5,1273.0,18,2447.0
187700,1174.0,5,1273.0,18,2447.0
187800,1174.0,5,1273.0,10,2447.0
187900,1174.0,5,1273.0,10,2447.0
188000,1174.0,5,1273.0,10,2447.0
188100,1174.0,4,1273.0,10,2447.0
188200,1174.0,4,1273.0,10,2447.0
188300,1174.0,4,1273.0,10,2447.0
188400,1174.0,4,1273.0,10,2447.0
188500,1174.0,5,1273.0,10,2447.0
188600,1174.0,5,1273.0,10,2447.0
188700,1174.0,5,1273.0,10,2447.0
188800,1174.0,5,1273.0,10,2447.0
188900,1174.0,5,1273.0,10,2447.0
189000,1174.0,5,1273.0,10,2447.0
189100,1174.0,5,1273.0,12,2447.0
189200,1292.0,0,1273.0,7,2565.0
189300,1292.0,0,1273.0,5,2565.0
189400,1292.0,0,1273.0,3,2565.0
189500,1292.0,0,1273.0,3,2565.0
189600,1292.0,1,1273.0,3,2565.0
189700,1292.0,1,1273.0,3,2565.0
189800,1292.0,1,1273.0,3,2565.0
189900,1292.0,1,1273.0,3,2565.0
190000,1292.0,-2,1312.0,0,2604.0
190100,1292.0,-2,1312.0,18,2604.0
190200,1292.0,-2,1312.0,18,2604.0
190300,1292.0,-2,1312.0,18,2604.0
190400,1292.0,-2,1312.0,18,2604.0
190500,1292.0,-2,1312.0,18,2604.0
190600,1292.0,-2,1312.0,18,2604.0
190700,1292.0,-2,1312.0,18,2604.0
190800,1292.0,-4,1312.0,18,2604.0
190900,1292.0,1,1312.0,18,2604.0
191000,1310.0,0,1312.0,16,2622.0
191100,1310.0,0,1312.0,16,2622.0
191200,1310.0,0,1312.0,16,2622.0
191300,1310.0,0,1312.0,16,2622.0
191400,1310.0,0,1312.0,16,2622.0
191500,1310.0,0,1312.0,16,2622.0
191600,1310.0,4,1312.0,16,2622.0
191700,1310.0,4,1312.0,16,2622.0
191800,1310.0,4,1312.0,16,2622.0
191900,1310.0,4,1312.0,14,2622.0
192000,1310.0,4,1312.0,14,2622.0
192100,1310.0,4,1312.0,14,2622.0
192200,1310.0,5,1312.0,14,2622.0
192300,1310.0,7,1312.0,14,2622.0
192400,1310.0,7,1312.0,14,2622.0
192500,1310.0,7,1312.0,14,2622.0
192600,1310.0,8,1312.0,12,2622.0
192700,1310.0,5,1312.0,12,2622.0
192800,1310.0,5,1312.0,12,2622.0
192900,1310.0,5,1312.0,12,2622.0
193000,1310.0,5,1312.0,12,2622.0
193100,1310.0,5,1312.0,12,2622.0
193200,1310.0,5,1312.0,12,2622.0
193300,1310.0,5,1312.0,12,2622.0
193400,1310.0,1,1312.0,12,2622.0
193500,1310.0,1,1312.0,12,2622.0
193600,1310.0,2,1312.0,12,2622.0
193700,1310.0,2,1312.0,12,2622.0
193800,1310.0,3,1312.0,12,2622.0
193900,1310.0,3,1312.0,10,2622.0
194000,1310.0,3,1312.0,10,2622.0
194100,1310.0,3,1312.0,10,2622.0
194200,1310.0,4,1312.0,9,2622.0
194300,1310.0,4,1312.0,9,2622.0
194400,1310.0,4,1312.0,11,2622.0
194500,1310.0,4,1312.0,11,2622.0
194600,1310.0,4,1312.0,11,2622.0
194700,1310.0,4,1312.0,11,2622.0
194800,1310.0,4,1312.0,11,2622.0
194900,1310.0,4,1312.0,11,2622.0
195000,1310.0,4,1312.0,11,2622.0
195100,1310.0,4,1312.0,11,2622.0
195200,1310.0,3,1312.0,11,2622.0
195300,1310.0,3,1312.0,11,2622.0
195400,1310.0,3,1312.0,11,2622.0
195500,1310.0,3,1312.0,11,2622.0
195600,1310.0,3,1312.0,11,2622.0
195700,1310.0,3,1312.0,11,2622.0
195800,1310.0,2,1312.0,11,2622.0
195900,1310.0,2,1312.0,11,2622.0
196000,1310.0,3,1312.0,11,2622.0
196100,1310.0,1,1312.0,10,2622.0
196200,1310.0,1,1312.0,10,2622.0
196300,1310.0,1,1312.0,10,2622.0
196400,1310.0,1,1312.0,10,2622.0
196500,1310.0,1,1312.0,10,2622.0
196600,1310.0,1,1312.0,9,2622.0
196700,1310.0,1,1312.0,9,2622.0
196800,1310.0,1,1312.0,9,2622.0
196900,1310.0,1,1312.0,9,2622.0
197000,1310.0,1,1312.0,9,2622.0
197100,1310.0,-5,1312.0,9,2622.0
197200,1310.0,-5,1312.0,9,2622.0
197300,1310.0,-5,1312.0,9,2622.0
197400,1310.0,-5,1312.0,9,2622.0
197500,1310.0,-6,1312.0,8,2622.0
197600,1310.0,-6,1312.0,8,2622.0
197700,1310.0,-6,1312.0,8,2622.0
197800,1310.0,-6,1312.0,8,2622.0
197900,1310.0,-6,1312.0,8,2622.0
198000,1310.0,-6,1312.0,8,2622.0
198100,1310.0,-6,1312.0,8,2622.0
198200,1310.0,-6,1312.0,8,2622.0
198300,1310.0,-6,1312.0,8,2622.0
198400,1310.0,-6,1312.0,8,2622.0
198500,1310.0,-6,1312.0,8,2622.0
198600,1310.0,4,1312.0,7,2622.0
198700,1310.0,4,1312.0,7,2622.0
198800,1310.0,4,1312.0,7,2622.0
198900,1310.0,4,1312.0,9,2622.0
199000,1310.0,3,1312.0,19,2622.0
199100,1310.0,3,1312.0,19,2622.0
199200,1310.0,3,1312.0,19,2622.0
199300,1310.0,-2,1312.0,16,2622.0
199400,1310.0,-2,1312.0,16,2622.0
199500,1310.0,-2,1312.0,16,2622.0
199600,1310.0,-3,1312.0,16,2622.0
199700,1310.0,-3,1312.0,16,2622.0
199800,1310.0,-3,1312.0,16,2622.0
199900,1382.0,-3,1356.0,16,2738.0
